{"0":["Have you ever printed to that printer?"],"1":["Create an action plan."],"2":["Perform a backup."],"3":["Create a hypothesis."],"4":["It saves time and money in troubleshooting problems."],"5":["Document the solution."],"6":["Determine if escalation is needed."],"7":["Determine whether anything has changed."],"8":["Identify the problem."],"9":["Check the manufacturer's website for information about the error."],"10":["Gather information."],"11":["Test the solution."],"12":["Educate the user as to how the problem was resolved and verify that they are satisfied with the results."],"13":["Test the solution."]}
